uuid,name,username,email,senior
d31603e3-c3b3-48a5-82ac-2ddfc2d0de8f,"محمدمهدی, رضاییان",redrabbit259,mhmdmhdy.rdyyn@example.com,True
95ef0866-9f1c-4cb0-b001-8ca7ee9e269e,"Randall, Ryan",happymeercat892,randall.ryan@example.com,False
453482c0-e890-420a-b35c-e8e416b2f2f2,"Jasmine, Slawa",purpleelephant141,jasmine.slawa@example.com,True
bb154728-9d52-49db-81e9-2f8784fa3043,"Fabian, Mørkved",brownfrog801,fabian.morkved@example.com,False
144fd754-a472-42a9-8308-9ef9ca4461aa,"Roxane, Lemaire",heavyrabbit230,roxane.lemaire@example.com,False
ba22f45d-9937-4ddc-aee5-8f478fe57c19,"Antje, De Louw",browngoose734,antje.delouw@example.com,True
58c08224-5d5b-4335-b7ba-adfb249b5b2d,"Magret, Mader",beautifulmeercat453,magret.mader@example.com,True
60b7de1e-45c0-4b04-974e-91fd56a7f4ee,"Francisca, Calvillo",lazysnake976,francisca.calvillo@example.com,False
ae80b85b-cb1c-4d21-974e-7c22f51a347e,"Halvor, Skogland",orangebird367,halvor.skogland@example.com,True
db1a663a-5381-45e0-bebc-12e03548eece,"Glikeriya, Onufriv",yellowtiger863,glikeriya.onufriv@example.com,True
03f636b3-6e20-43c1-8edb-12cc4e591bc8,"Maximino, Velásquez",redbear285,maximino.velasquez@example.com,True
c4260911-1e36-4512-80f3-ca89fe865d3e,"Arron, Ramos",ticklishlion115,arron.ramos@example.com,False
1b547196-da09-4a3e-b940-f367054d721c,"Sep, Van der Molen",bigelephant139,sep.vandermolen@example.com,True
a6201893-7550-4585-a03d-8df183b93b87,"Alicia, Little",angryzebra398,alicia.little@example.com,True
9c3d055c-abe4-4e98-b32f-acb45cccba2a,"Sofia, Elton",happypeacock347,sofia.elton@example.com,True
6af69e78-04f6-4dcc-b383-b094d080af82,"Nicolás, Esquivel",ticklishzebra811,nicolas.esquivel@example.com,False
3a8da021-6796-40dc-8c7f-ed86e64ca371,"Vasilije, Dinčić",silverleopard847,vasilije.dincic@example.com,True
c0f7349a-3afd-4f25-80b5-9e9a68ba034d,"Annette, Knight",heavyrabbit811,annette.knight@example.com,True
aa3779b8-f70f-46e5-b1ac-f925c3a4b651,"Mihaela, Katanić",blackzebra794,mihaela.katanic@example.com,True
f5c4b466-d281-4b2d-901d-04fb4df53215,"Latifah, Akkerman",greenpeacock531,latifah.akkerman@example.com,True
9b7ce6de-d870-446d-8229-60a74c323bc5,"Howard, Richardson",silverlion698,howard.richardson@example.com,True
bb055138-4f11-489f-89ce-58dd4a1f3201,"Alberto, Iglesias",greenbear356,alberto.iglesias@example.com,True
f3a509e3-d162-461f-9b69-85f6b00aba11,"Anmol, Pujari",sadelephant872,anmol.pujari@example.com,True
758bae65-583e-4049-97c7-cc677fb0cbc0,"Guillaume, Guillaume",silverrabbit110,guillaume.guillaume@example.com,True
ebc356c7-34ea-410f-b268-70a5dc0f372e,"Ben, Weaver",orangeostrich513,ben.weaver@example.com,True
31bf5491-404e-49a6-9189-fac79458062d,"André, Gautier",yellowzebra387,andre.gautier@example.com,False
a90eedd7-cc56-48fa-baad-d909085b0a8d,"Julia, Ruhl",smallsnake159,julia.ruhl@example.com,True
3c9465ec-0f5f-49e0-a5d8-b4125ca1cf21,"Arlene, Mccoy",whitedog288,arlene.mccoy@example.com,True
a394d68f-cad2-4fd9-9787-727d1760f6b4,"Anna, Gonzales",organicduck531,anna.gonzales@example.com,True
327b4962-c1e1-4c6b-9d30-a5b56220de92,"Jatin, Gamskar",goldenladybug746,jatin.gamskar@example.com,True
